Type,Name,Request Count,Failure Count,Median Response Time,Average Response Time,Min Response Time,Max Response Time,Average Content Size,Requests/s,Failures/s,50%,66%,75%,80%,90%,95%,98%,99%,99.9%,99.99%,100%
GET,/api/query,2203428,0,51,50.58045554472395,40,100,7.99492835708723,1224.5586003022904,0.0,51,52,54,54,56,58,59,60,63,72,100
GET,on_start_inc,64,0,41,42.609375,40,61,5.0,0.03556810134905546,0.0,41,42,43,43,45,50,52,61,61,61,61
GET,on_start_setup,64,0,2,5.015625,0,63,5.0,0.03556810134905546,0.0,2,3,4,5,14,23,25,63,63,63,63
,Aggregated,2203556,0,51,50.57890064967716,0,100,7.994754387907546,1224.6297365049886,0.0,51,52,54,54,56,58,59,60,63,72,100
