Type,Name,Request Count,Failure Count,Median Response Time,Average Response Time,Min Response Time,Max Response Time,Average Content Size,Requests/s,Failures/s,50%,66%,75%,80%,90%,95%,98%,99%,99.9%,99.99%,100%
GET,/api/query,2728320,0,41,40.65015540699038,40,53,7.995843962585034,1516.1513834019274,0.0,41,41,41,41,41,41,42,42,42,44,53
GET,on_start,64,0,1,2.390625,1,67,5.0,0.035565362031478476,0.0,1,1,2,2,3,3,4,67,67,67,67
,Aggregated,2728384,0,41,40.6492579490277,1,67,7.995773688747625,1516.186948763959,0.0,41,41,41,41,41,41,42,42,42,44,67
