Type,Name,Request Count,Failure Count,Median Response Time,Average Response Time,Min Response Time,Max Response Time,Average Content Size,Requests/s,Failures/s,50%,66%,75%,80%,90%,95%,98%,99%,99.9%,99.99%,100%
GET,/api/query,2265973,0,49,49.231880521083,40,97,7.995067019774728,1259.2609549678943,0.0,49,51,52,53,54,55,57,58,62,69,97
GET,on_start_inc,64,0,42,42.328125,40,56,5.0,0.03556648782573545,0.0,42,42,42,43,45,47,50,56,56,56,56
GET,on_start_setup,64,0,2,4.4375,1,63,5.0,0.03556648782573545,0.0,2,3,4,4,11,16,18,63,63,63,63
,Aggregated,2266101,0,49,49.23042044463155,1,97,7.9948978443591,1259.3320879435457,0.0,49,51,52,53,54,55,57,58,62,69,97
