Type,Name,Request Count,Failure Count,Median Response Time,Average Response Time,Min Response Time,Max Response Time,Average Content Size,Requests/s,Failures/s,50%,66%,75%,80%,90%,95%,98%,99%,99.9%,99.99%,100%
GET,/api/update?value=[value]&op=dec,16906,0,3400,3390.3007216372885,145,7913,5.0,9.377102418811134,0.0,3400,4000,4400,4700,5300,5800,6300,6600,7300,7800,7900
GET,/api/update?value=[value]&op=inc,16823,0,3300,3272.008381382631,41,7546,5.0,9.331065538368609,0.0,3300,3900,4300,4500,5200,5700,6200,6500,7200,7500,7500
GET,on_start_inc,64,0,1200,1556.96875,41,4828,5.0,0.03549831744965767,0.0,1300,2000,2400,2500,3500,4300,4600,4800,4800,4800,4800
GET,on_start_setup,64,0,6200,11983.671875,2,49178,5.0,0.03549831744965767,0.0,6500,13000,20000,24000,34000,42000,46000,49000,49000,49000,49000
,Aggregated,33857,0,3300,3344.3016805978086,2,49178,5.0,18.779164592079056,0.0,3300,3900,4300,4600,5200,5800,6300,6600,7700,42000,49000
