Type,Name,Request Count,Failure Count,Median Response Time,Average Response Time,Min Response Time,Max Response Time,Average Content Size,Requests/s,Failures/s,50%,66%,75%,80%,90%,95%,98%,99%,99.9%,99.99%,100%
GET,/api/query,2719541,0,41,40.75702848385077,40,55,2.0,1511.1629401021535,0.0,41,41,41,41,41,41,42,42,42,45,55
GET,on_start_inc,64,0,41,41.015625,40,42,5.0,0.035562776279724345,0.0,41,41,41,41,42,42,42,42,42,42,42
GET,on_start_setup,64,0,1,3.015625,1,72,5.0,0.035562776279724345,0.0,1,2,2,3,3,5,14,72,72,72,72
,Aggregated,2719669,0,41,40.75614642811313,1,72,2.00014119365261,1511.2340656547128,0.0,41,41,41,41,41,41,42,42,42,45,72
