Type,Name,Request Count,Failure Count,Median Response Time,Average Response Time,Min Response Time,Max Response Time,Average Content Size,Requests/s,Failures/s,50%,66%,75%,80%,90%,95%,98%,99%,99.9%,99.99%,100%
GET,/api/query,2736982,0,41,40.54090162083638,40,57,2.9996065008830897,1521.0657280926446,0.0,41,41,41,41,41,41,42,42,42,44,57
GET,on_start,64,0,1,2.390625,1,65,5.0,0.03556771896853149,0.0,1,1,2,2,2,3,7,65,65,65,65
,Aggregated,2737046,0,41,40.540009557749485,1,65,2.9996532758309504,1521.101295811613,0.0,41,41,41,41,41,41,42,42,42,44,65
