Type,Name,Request Count,Failure Count,Median Response Time,Average Response Time,Min Response Time,Max Response Time,Average Content Size,Requests/s,Failures/s,50%,66%,75%,80%,90%,95%,98%,99%,99.9%,99.99%,100%
GET,/api/query,2707118,0,41,41.00739901252919,40,76,9.998788379376148,1504.416740287825,0.0,41,41,41,41,42,42,42,43,43,48,76
GET,on_start,64,0,1,2.34375,1,63,5.0,0.03556648486634893,0.0,1,1,2,2,3,3,4,63,63,63,63
,Aggregated,2707182,0,41,41.00648497219618,1,76,9.998670203924227,1504.4523067726911,0.0,41,41,41,41,42,42,42,43,43,48,76
