Type,Name,Request Count,Failure Count,Median Response Time,Average Response Time,Min Response Time,Max Response Time,Average Content Size,Requests/s,Failures/s,50%,66%,75%,80%,90%,95%,98%,99%,99.9%,99.99%,100%
GET,/api/query,2709697,0,41,40.963265265452186,40,64,9.999422813694668,1505.8197504196971,0.0,41,41,41,41,42,42,42,42,43,47,64
GET,on_start,64,0,1,2.171875,1,62,5.0,0.03556577138582676,0.0,1,1,1,1,2,3,4,62,62,62,62
,Aggregated,2709761,0,41,40.96234907801832,1,64,9.999304735731306,1505.855316191083,0.0,41,41,41,41,42,42,42,42,43,47,64
