Type,Name,Request Count,Failure Count,Median Response Time,Average Response Time,Min Response Time,Max Response Time,Average Content Size,Requests/s,Failures/s,50%,66%,75%,80%,90%,95%,98%,99%,99.9%,99.99%,100%
GET,/api/query,2198179,0,51,50.74441662849113,41,93,2.999520057283779,1221.7435696341877,0.0,51,53,54,55,57,58,60,61,63,67,93
GET,on_start,64,0,3,5.78125,1,68,5.0,0.0355710742649202,0.0,3,4,5,8,12,17,21,68,68,68,68
,Aggregated,2198243,0,51,50.7431075636315,1,93,2.999578299578345,1221.7791407084526,0.0,51,53,54,55,57,58,60,61,63,67,93
