Type,Name,Request Count,Failure Count,Median Response Time,Average Response Time,Min Response Time,Max Response Time,Average Content Size,Requests/s,Failures/s,50%,66%,75%,80%,90%,95%,98%,99%,99.9%,99.99%,100%
GET,/api/query,2720530,0,41,40.74436341448174,40,56,2.0,1511.712879854795,0.0,41,41,41,41,41,41,42,42,42,45,56
GET,on_start_inc,64,0,41,41.046875,40,43,5.0,0.03556278530679936,0.0,41,41,41,41,42,42,43,43,43,43,43
GET,on_start_setup,64,0,1,2.890625,1,68,5.0,0.03556278530679936,0.0,1,2,2,2,3,5,15,68,68,68,68
,Aggregated,2720658,0,41,40.74348006989486,1,68,2.000141142326599,1511.7840054254086,0.0,41,41,41,41,41,41,42,42,42,45,68
