Type,Name,Request Count,Failure Count,Median Response Time,Average Response Time,Min Response Time,Max Response Time,Average Content Size,Requests/s,Failures/s,50%,66%,75%,80%,90%,95%,98%,99%,99.9%,99.99%,100%
GET,/api/query,2190026,0,51,50.93660257914746,41,95,2.999519183790512,1217.1882769237225,0.0,51,53,54,55,57,58,60,61,64,70,95
GET,on_start,64,0,3,6.0,1,69,5.0,0.03557037666361871,0.0,4,5,6,6,12,21,23,69,69,69,69
,Aggregated,2190090,0,51,50.935289417329884,1,95,2.999577642927916,1217.223847300386,0.0,51,53,54,55,57,58,60,61,64,70,95
