Type,Name,Request Count,Failure Count,Median Response Time,Average Response Time,Min Response Time,Max Response Time,Average Content Size,Requests/s,Failures/s,50%,66%,75%,80%,90%,95%,98%,99%,99.9%,99.99%,100%
GET,/api/query,2695235,0,41,41.22748443085668,40,68,7.995833387441169,1498.0215741451564,0.0,41,41,42,42,42,42,43,43,44,54,68
GET,on_start,64,0,1,2.78125,1,63,5.0,0.035571436533471106,0.0,1,2,2,3,4,4,5,63,63,63,63
,Aggregated,2695299,0,41,41.2265715232336,1,68,7.995762251238174,1498.0571455816898,0.0,41,41,42,42,42,42,43,43,44,54,68
