Type,Name,Request Count,Failure Count,Median Response Time,Average Response Time,Min Response Time,Max Response Time,Average Content Size,Requests/s,Failures/s,50%,66%,75%,80%,90%,95%,98%,99%,99.9%,99.99%,100%
GET,/api/query,2748596,0,40,40.39712602361351,40,54,2.0,1527.58675199519,0.0,40,41,41,41,41,41,41,41,42,43,54
GET,on_start_inc,64,0,41,40.875,40,42,5.0,0.03556926959352781,0.0,41,41,41,41,41,42,42,42,42,42,42
GET,on_start_setup,64,0,1,2.484375,1,68,5.0,0.03556926959352781,0.0,1,1,2,2,2,3,11,68,68,68,68
,Aggregated,2748724,0,40,40.396254407499626,1,68,2.0001397011849864,1527.657890534377,0.0,40,41,41,41,41,41,41,41,42,43,68
