Type,Name,Request Count,Failure Count,Median Response Time,Average Response Time,Min Response Time,Max Response Time,Average Content Size,Requests/s,Failures/s,50%,66%,75%,80%,90%,95%,98%,99%,99.9%,99.99%,100%
GET,/api/query,1068543,0,100,105.12573663390242,41,206,7.997375866015687,593.758209504455,0.0,100,120,120,130,140,150,160,160,170,180,210
GET,on_start,64,0,23,46.921875,1,171,5.0,0.03556293514466439,0.0,30,74,81,98,110,130,160,170,170,170,170
,Aggregated,1068607,0,100,105.12225074325734,1,206,7.997196350014551,593.7937724395996,0.0,100,120,120,130,140,150,160,160,170,180,210
