Type,Name,Request Count,Failure Count,Median Response Time,Average Response Time,Min Response Time,Max Response Time,Average Content Size,Requests/s,Failures/s,50%,66%,75%,80%,90%,95%,98%,99%,99.9%,99.99%,100%
GET,/api/query,2698505,0,41,41.16651812762993,40,68,2.999602743000291,1499.720087396296,0.0,41,41,41,42,42,42,43,43,44,49,68
GET,on_start,64,0,1,2.40625,1,62,5.0,0.035568615064030994,0.0,1,1,2,2,3,3,5,62,62,62,62
,Aggregated,2698569,0,41,41.165598878516725,1,68,2.9996501849684036,1499.75565601136,0.0,41,41,41,42,42,42,43,43,44,49,68
