Type,Name,Request Count,Failure Count,Median Response Time,Average Response Time,Min Response Time,Max Response Time,Average Content Size,Requests/s,Failures/s,50%,66%,75%,80%,90%,95%,98%,99%,99.9%,99.99%,100%
GET,/api/query,2730309,0,41,40.624686802849055,40,58,2.999606271671082,1517.2371596088426,0.0,41,41,41,41,41,41,42,42,42,44,58
GET,on_start,64,0,1,2.546875,1,69,5.0,0.03556490427089605,0.0,1,1,1,1,2,3,19,69,69,69,69
,Aggregated,2730373,0,41,40.62379425814715,1,69,2.999653160941747,1517.2727245131136,0.0,41,41,41,41,41,41,42,42,42,44,69
