Type,Name,Request Count,Failure Count,Median Response Time,Average Response Time,Min Response Time,Max Response Time,Average Content Size,Requests/s,Failures/s,50%,66%,75%,80%,90%,95%,98%,99%,99.9%,99.99%,100%
GET,/api/update?value=[value]&op=dec,16913,0,3400,3387.147519659434,145,7779,5.0,9.381113173644128,0.0,3400,4000,4400,4700,5300,5800,6300,6700,7400,7700,7800
GET,/api/update?value=[value]&op=inc,16684,0,3300,3294.8690961400143,41,7898,5.0,9.254094021703935,0.0,3300,3900,4300,4500,5200,5700,6200,6500,7400,7800,7900
GET,on_start_inc,64,0,1800,1901.046875,40,5739,5.0,0.035498802288962586,0.0,1800,2200,3000,3300,3800,5400,5400,5700,5700,5700,5700
GET,on_start_setup,64,0,6800,13331.921875,62,51852,5.0,0.035498802288962586,0.0,7100,17000,24000,28000,39000,45000,50000,52000,52000,52000,52000
,Aggregated,33725,0,3300,3357.54876204596,40,51852,5.0,18.706204799925988,0.0,3300,3900,4300,4600,5300,5800,6300,6700,7700,45000,52000
