Type,Name,Request Count,Failure Count,Median Response Time,Average Response Time,Min Response Time,Max Response Time,Average Content Size,Requests/s,Failures/s,50%,66%,75%,80%,90%,95%,98%,99%,99.9%,99.99%,100%
GET,/api/update?value=[value]&op=dec,16903,0,3400,3414.007335975862,147,8048,5.0,9.37578790206692,0.0,3400,4000,4400,4700,5400,5900,6400,6700,7400,7900,8000
GET,/api/update?value=[value]&op=inc,16479,0,3300,3309.7572668244434,41,7697,5.0,9.140602782829129,0.0,3300,3900,4300,4600,5200,5700,6300,6500,7300,7700,7700
GET,on_start_inc,64,0,1900,1803.609375,41,4770,5.0,0.0354996406396665,0.0,2000,2600,2600,2800,3500,4100,4500,4800,4800,4800,4800
GET,on_start_setup,64,0,6600,13489.640625,35,51334,5.0,0.0354996406396665,0.0,6800,15000,23000,27000,37000,46000,50000,51000,51000,51000,51000
,Aggregated,33510,0,3300,3378.9085049239034,35,51334,5.0,18.587389966175383,0.0,3300,4000,4400,4700,5300,5800,6300,6700,7700,46000,51000
