Type,Name,Request Count,Failure Count,Median Response Time,Average Response Time,Min Response Time,Max Response Time,Average Content Size,Requests/s,Failures/s,50%,66%,75%,80%,90%,95%,98%,99%,99.9%,99.99%,100%
GET,/api/query,2720704,0,41,40.744386379407686,40,56,6.0,1511.822013722527,0.0,41,41,41,41,41,41,42,42,42,46,56
GET,on_start,64,0,1,2.6875,1,73,5.0,0.03556307811442984,0.0,1,1,2,2,3,4,13,73,73,73,73
,Aggregated,2720768,0,41,40.74349117602089,1,73,5.999976477229959,1511.8575768006413,0.0,41,41,41,41,41,41,42,42,42,46,73
