Type,Name,Request Count,Failure Count,Median Response Time,Average Response Time,Min Response Time,Max Response Time,Average Content Size,Requests/s,Failures/s,50%,66%,75%,80%,90%,95%,98%,99%,99.9%,99.99%,100%
GET,/api/query,2701031,0,41,41.09627212719884,40,162,6.0,1501.016775314757,0.0,41,41,41,41,42,42,42,43,45,150,160
GET,on_start,64,0,110,110.921875,106,215,5.0,0.035566075924394966,0.0,110,110,110,110,110,110,120,220,220,220,220
,Aggregated,2701095,0,41,41.09792658162708,40,215,5.999976305905568,1501.0523413906815,0.0,41,41,41,41,42,42,42,43,45,150,220
