Type,Name,Request Count,Failure Count,Median Response Time,Average Response Time,Min Response Time,Max Response Time,Average Content Size,Requests/s,Failures/s,50%,66%,75%,80%,90%,95%,98%,99%,99.9%,99.99%,100%
GET,/api/query,2730024,0,41,40.63093621154979,40,56,2.0,1517.033491087965,0.0,41,41,41,41,41,41,42,42,42,44,56
GET,on_start_inc,64,0,41,40.875,40,42,5.0,0.035563842453264057,0.0,41,41,41,41,41,42,42,42,42,42,42
GET,on_start_setup,64,0,1,2.6875,1,72,5.0,0.035563842453264057,0.0,1,1,2,2,3,4,11,72,72,72,72
,Aggregated,2730152,0,41,40.63005246594329,1,72,2.000140651509513,1517.1046187728716,0.0,41,41,41,41,41,41,42,42,42,44,72
