Type,Name,Request Count,Failure Count,Median Response Time,Average Response Time,Min Response Time,Max Response Time,Average Content Size,Requests/s,Failures/s,50%,66%,75%,80%,90%,95%,98%,99%,99.9%,99.99%,100%
GET,/api/query,2729302,0,41,40.64036299390833,40,56,7.995870739112052,1516.6032529756224,0.0,41,41,41,41,41,41,42,42,42,45,56
GET,on_start_inc,64,0,41,40.890625,40,42,5.0,0.03556316164002365,0.0,41,41,41,41,41,42,42,42,42,42,42
GET,on_start_setup,64,0,1,2.8125,1,67,5.0,0.03556316164002365,0.0,1,2,2,3,4,4,9,67,67,67,67
,Aggregated,2729430,0,41,40.63948186984096,1,67,7.995730244043628,1516.6743792989023,0.0,41,41,41,41,41,41,42,42,42,45,67
