Type,Name,Request Count,Failure Count,Median Response Time,Average Response Time,Min Response Time,Max Response Time,Average Content Size,Requests/s,Failures/s,50%,66%,75%,80%,90%,95%,98%,99%,99.9%,99.99%,100%
GET,/api/query,1079426,0,100,104.02799914028381,41,203,7.997396764576728,599.8185398603047,0.0,100,120,120,130,140,150,160,160,170,180,200
GET,on_start,64,0,19,41.921875,1,145,5.0,0.03556370381208115,0.0,22,57,78,85,120,130,140,140,140,140,140
,Aggregated,1079490,0,100,104.02431703860157,1,203,7.9972190571473565,599.8541035641168,0.0,100,120,120,130,140,150,160,160,170,180,200
