Type,Name,Request Count,Failure Count,Median Response Time,Average Response Time,Min Response Time,Max Response Time,Average Content Size,Requests/s,Failures/s,50%,66%,75%,80%,90%,95%,98%,99%,99.9%,99.99%,100%
GET,/api/query,2734038,0,41,40.58440738570569,40,55,2.9996038826088007,1519.337956089076,0.0,41,41,41,41,41,41,42,42,42,44,55
GET,on_start,64,0,1,2.578125,1,68,5.0,0.0355655734081607,0.0,1,1,2,2,2,4,11,68,68,68,68
,Aggregated,2734102,0,41,40.583517732696144,1,68,2.999650707983828,1519.373521662484,0.0,41,41,41,41,41,41,42,42,42,44,68
