Type,Name,Request Count,Failure Count,Median Response Time,Average Response Time,Min Response Time,Max Response Time,Average Content Size,Requests/s,Failures/s,50%,66%,75%,80%,90%,95%,98%,99%,99.9%,99.99%,100%
GET,/api/query,2745716,0,40,40.431357066790596,40,55,9.01745956246021,1526.0566328484551,0.0,40,41,41,41,41,41,41,42,42,43,55
GET,on_start,64,0,2,3.234375,1,91,5.0,0.03557091283377492,0.0,2,2,2,2,3,4,7,91,91,91,91
,Aggregated,2745780,0,40,40.43049006111196,1,91,9.01736592152321,1526.092203761289,0.0,40,41,41,41,41,41,41,42,42,43,91
