Type,Name,Request Count,Failure Count,Median Response Time,Average Response Time,Min Response Time,Max Response Time,Average Content Size,Requests/s,Failures/s,50%,66%,75%,80%,90%,95%,98%,99%,99.9%,99.99%,100%
GET,/api/query,2736547,0,41,40.55256679311556,40,57,6.0,1520.8090821224475,0.0,41,41,41,41,41,41,42,42,42,45,57
GET,on_start,64,0,1,2.84375,1,68,5.0,0.03556737057899486,0.0,1,2,2,3,3,4,16,68,68,68,68
,Aggregated,2736611,0,41,40.55168491247021,1,68,5.999976613409798,1520.8446494930265,0.0,41,41,41,41,41,41,42,42,42,45,68
