Type,Name,Request Count,Failure Count,Median Response Time,Average Response Time,Min Response Time,Max Response Time,Average Content Size,Requests/s,Failures/s,50%,66%,75%,80%,90%,95%,98%,99%,99.9%,99.99%,100%
GET,/api/query,2190511,0,51,50.93557211079972,40,93,7.994891602918223,1217.3552708852885,0.0,51,53,54,55,57,58,60,61,65,72,93
GET,on_start_inc,64,0,42,42.671875,40,55,5.0,0.03556738009380389,0.0,42,42,43,45,46,47,54,55,55,55,55
GET,on_start_setup,64,0,2,4.921875,1,63,5.0,0.03556738009380389,0.0,2,3,4,6,13,18,20,63,63,63,63
,Aggregated,2190639,0,51,50.93398638479457,1,93,7.9947166100850025,1217.426405645476,0.0,51,53,54,55,57,58,60,61,65,72,93
