Type,Name,Request Count,Failure Count,Median Response Time,Average Response Time,Min Response Time,Max Response Time,Average Content Size,Requests/s,Failures/s,50%,66%,75%,80%,90%,95%,98%,99%,99.9%,99.99%,100%
GET,/api/query,2712423,0,41,40.91678399718628,40,66,10.000218992391673,1507.2916196591846,0.0,41,41,41,41,42,42,42,42,43,49,66
GET,on_start,64,0,1,2.359375,1,62,5.0,0.035564756550946444,0.0,1,2,2,2,2,3,3,62,62,62,62
,Aggregated,2712487,0,41,40.915874251194566,1,66,10.000101014309008,1507.3271844157355,0.0,41,41,41,41,42,42,42,42,43,49,66
