Type,Name,Request Count,Failure Count,Median Response Time,Average Response Time,Min Response Time,Max Response Time,Average Content Size,Requests/s,Failures/s,50%,66%,75%,80%,90%,95%,98%,99%,99.9%,99.99%,100%
GET,/api/query,2693874,0,41,41.19105199426551,40,67,7.995833138446713,1497.3187207375045,0.0,41,41,41,42,42,42,42,43,44,54,67
GET,on_start,64,0,2,3.078125,1,61,5.0,0.03557270983245701,0.0,2,2,3,4,4,5,6,61,61,61,61
,Aggregated,2693938,0,41,41.19014654383286,1,67,7.995761966311028,1497.354293447337,0.0,41,41,41,42,42,42,42,43,44,54,67
