Type,Name,Request Count,Failure Count,Median Response Time,Average Response Time,Min Response Time,Max Response Time,Average Content Size,Requests/s,Failures/s,50%,66%,75%,80%,90%,95%,98%,99%,99.9%,99.99%,100%
GET,/api/query,2726461,0,41,40.671488057228764,40,66,9.998921679055742,1515.048664993396,0.0,41,41,41,41,41,41,42,42,42,44,66
GET,on_start,64,0,1,2.25,1,66,5.0,0.03556372695577796,0.0,1,1,2,2,2,2,2,66,66,66,66
,Aggregated,2726525,0,41,40.67058618571258,1,66,9.998804338856237,1515.0842287203516,0.0,41,41,41,41,41,41,42,42,42,44,66
