Type,Name,Request Count,Failure Count,Median Response Time,Average Response Time,Min Response Time,Max Response Time,Average Content Size,Requests/s,Failures/s,50%,66%,75%,80%,90%,95%,98%,99%,99.9%,99.99%,100%
GET,/api/query,2746164,0,40,40.427428587659,40,57,6.0,1526.210804604281,0.0,40,41,41,41,41,41,41,41,42,44,57
GET,on_start,64,0,1,2.46875,1,72,5.0,0.03556870292330465,0.0,1,1,2,2,2,3,3,72,72,72,72
,Aggregated,2746228,0,40,40.42654397231402,1,72,5.999976695307163,1526.2463733072043,0.0,40,41,41,41,41,41,41,41,42,44,72
