Type,Name,Request Count,Failure Count,Median Response Time,Average Response Time,Min Response Time,Max Response Time,Average Content Size,Requests/s,Failures/s,50%,66%,75%,80%,90%,95%,98%,99%,99.9%,99.99%,100%
GET,/api/query,2708092,0,41,40.97486828364767,40,163,6.0,1504.8910063154735,0.0,41,41,41,41,42,42,42,42,45,150,160
GET,on_start,64,0,110,111.140625,104,215,5.0,0.03556490119397358,0.0,110,110,110,110,120,120,120,220,220,220,220
,Aggregated,2708156,0,41,40.976526463025024,40,215,5.999976367683398,1504.9265712166675,0.0,41,41,41,41,42,42,42,42,45,150,220
