Type,Name,Request Count,Failure Count,Median Response Time,Average Response Time,Min Response Time,Max Response Time,Average Content Size,Requests/s,Failures/s,50%,66%,75%,80%,90%,95%,98%,99%,99.9%,99.99%,100%
GET,/api/query,2732914,0,41,40.59587312297423,40,53,7.995856803397399,1518.7506894336943,0.0,41,41,41,41,41,41,42,42,42,43,53
GET,on_start,64,0,1,2.328125,1,68,5.0,0.03556644816622712,0.0,1,1,1,2,2,3,3,68,68,68,68
,Aggregated,2732978,0,41,40.59497698115389,1,68,7.995786647386112,1518.7862558818606,0.0,41,41,41,41,41,41,42,42,42,43,68
