Type,Name,Request Count,Failure Count,Median Response Time,Average Response Time,Min Response Time,Max Response Time,Average Content Size,Requests/s,Failures/s,50%,66%,75%,80%,90%,95%,98%,99%,99.9%,99.99%,100%
GET,/api/query,2726674,0,41,40.67016409002323,40,56,7.995869326512814,1515.1704045392803,0.0,41,41,41,41,41,41,42,42,42,46,56
GET,on_start_inc,64,0,41,40.828125,40,42,5.0,0.0355638062674577,0.0,41,41,41,41,41,42,42,42,42,42,42
GET,on_start_setup,64,0,1,2.8125,1,69,5.0,0.0355638062674577,0.0,1,2,2,3,3,4,12,69,69,69,69
,Aggregated,2726802,0,41,40.66927925093204,1,69,7.995728696106282,1515.2415321518154,0.0,41,41,41,41,41,41,42,42,42,46,69
