Type,Name,Request Count,Failure Count,Median Response Time,Average Response Time,Min Response Time,Max Response Time,Average Content Size,Requests/s,Failures/s,50%,66%,75%,80%,90%,95%,98%,99%,99.9%,99.99%,100%
GET,/api/query,2713778,0,41,40.82043778083543,40,60,9.999890189986063,1507.95328065878,0.0,41,41,41,41,41,41,42,42,42,46,60
GET,on_start,64,0,2,3.34375,1,90,5.0,0.035562603117190096,0.0,2,2,2,2,3,3,6,90,90,90,90
,Aggregated,2713842,0,41,40.81955397550779,1,90,9.999772278563011,1507.988843261897,0.0,41,41,41,41,41,41,42,42,42,46,90
