Type,Name,Request Count,Failure Count,Median Response Time,Average Response Time,Min Response Time,Max Response Time,Average Content Size,Requests/s,Failures/s,50%,66%,75%,80%,90%,95%,98%,99%,99.9%,99.99%,100%
GET,/api/query,2714905,0,41,40.80924415403117,40,58,10.981394929104333,1508.530772044403,0.0,41,41,41,41,41,41,42,42,42,46,58
GET,on_start,64,0,2,3.25,1,91,5.0,0.035561454051188456,0.0,2,2,2,2,3,3,4,91,91,91,91
,Aggregated,2714969,0,41,40.808358769473976,1,91,10.981253929602879,1508.5663334984542,0.0,41,41,41,41,41,41,42,42,42,46,91
