Type,Name,Request Count,Failure Count,Median Response Time,Average Response Time,Min Response Time,Max Response Time,Average Content Size,Requests/s,Failures/s,50%,66%,75%,80%,90%,95%,98%,99%,99.9%,99.99%,100%
GET,/api/query,2731197,0,41,40.615411850554906,40,57,6.0,1517.7473445425474,0.0,41,41,41,41,41,41,42,42,42,44,57
GET,on_start,64,0,1,2.609375,1,69,5.0,0.03556529611401998,0.0,1,1,2,2,3,3,9,69,69,69,69
,Aggregated,2731261,0,41,40.61452127790057,1,69,5.999976567600094,1517.7829098386612,0.0,41,41,41,41,41,41,42,42,42,44,69
