Type,Name,Request Count,Failure Count,Median Response Time,Average Response Time,Min Response Time,Max Response Time,Average Content Size,Requests/s,Failures/s,50%,66%,75%,80%,90%,95%,98%,99%,99.9%,99.99%,100%
GET,/api/query,2732951,0,41,40.59416872091742,40,56,9.99823780228771,1518.7294619712723,0.0,41,41,41,41,41,41,42,42,42,44,56
GET,on_start,64,0,1,2.5,1,67,5.0,0.03556546954781166,0.0,1,1,2,2,3,3,7,67,67,67,67
,Aggregated,2733015,0,41,40.59327665600079,1,67,9.998120756746669,1518.7650274408202,0.0,41,41,41,41,41,41,42,42,42,44,67
