Type,Name,Request Count,Failure Count,Median Response Time,Average Response Time,Min Response Time,Max Response Time,Average Content Size,Requests/s,Failures/s,50%,66%,75%,80%,90%,95%,98%,99%,99.9%,99.99%,100%
GET,/api/query,2729101,0,41,40.642498390495625,40,55,7.995859808779521,1516.5099938821793,0.0,41,41,41,41,41,41,42,42,42,44,55
GET,on_start_inc,64,0,41,40.875,40,42,5.0,0.03556359387522099,0.0,41,41,41,41,41,42,42,42,42,42,42
GET,on_start_setup,64,0,1,2.46875,1,69,5.0,0.03556359387522099,0.0,1,1,1,1,3,3,11,69,69,69,69
,Aggregated,2729229,0,41,40.641608674098066,1,69,7.995719303876663,1516.5811210699298,0.0,41,41,41,41,41,41,42,42,42,44,69
