Type,Name,Request Count,Failure Count,Median Response Time,Average Response Time,Min Response Time,Max Response Time,Average Content Size,Requests/s,Failures/s,50%,66%,75%,80%,90%,95%,98%,99%,99.9%,99.99%,100%
GET,/api/query,2711430,0,41,40.848909247150026,40,56,10.00101717543879,1506.5925032627092,0.0,41,41,41,41,41,41,42,42,42,46,56
GET,on_start,64,0,2,3.53125,1,96,5.0,0.03556127954946777,0.0,2,2,2,2,2,2,12,96,96,96,96
,Aggregated,2711494,0,41,40.8480284300832,1,96,10.000899135310645,1506.6280645422587,0.0,41,41,41,41,41,41,42,42,42,46,96
