Type,Name,Request Count,Failure Count,Median Response Time,Average Response Time,Min Response Time,Max Response Time,Average Content Size,Requests/s,Failures/s,50%,66%,75%,80%,90%,95%,98%,99%,99.9%,99.99%,100%
GET,/api/query,2730261,0,41,40.62690599909679,40,53,9.999174804167074,1517.2187185282348,0.0,41,41,41,41,41,41,42,42,42,44,53
GET,on_start,64,0,1,2.75,1,66,5.0,0.035565097251071244,0.0,1,2,3,3,3,4,5,66,66,66,66
,Aggregated,2730325,0,41,40.62601814802267,1,66,9.999057621345445,1517.2542836254859,0.0,41,41,41,41,41,41,42,42,42,44,66
