Type,Name,Request Count,Failure Count,Median Response Time,Average Response Time,Min Response Time,Max Response Time,Average Content Size,Requests/s,Failures/s,50%,66%,75%,80%,90%,95%,98%,99%,99.9%,99.99%,100%
GET,/api/query,1041567,0,41,40.845344562567746,40,56,10.002647933354263,1465.58351978851,0.0,41,41,41,41,41,41,42,42,42,47,56
GET,on_start,64,0,2,3.53125,1,96,5.0,0.09005406782901594,0.0,2,2,2,2,2,2,12,96,96,96,96
,Aggregated,1041631,0,41,40.843051906097266,1,96,10.002340560140778,1465.673573856339,0.0,41,41,41,41,41,41,42,42,42,47,96
