Type,Name,Request Count,Failure Count,Median Response Time,Average Response Time,Min Response Time,Max Response Time,Average Content Size,Requests/s,Failures/s,50%,66%,75%,80%,90%,95%,98%,99%,99.9%,99.99%,100%
GET,/api/query,2733494,0,41,40.58492939805246,40,55,6.0,1519.1264325541342,0.0,41,41,41,41,41,41,42,42,42,44,55
GET,on_start,64,0,1,2.59375,1,67,5.0,0.035567698953597335,0.0,1,1,2,2,3,4,7,67,67,67,67
,Aggregated,2733558,0,41,40.58403992159669,1,67,5.999976587290265,1519.1620002530876,0.0,41,41,41,41,41,41,42,42,42,44,67
