Type,Name,Request Count,Failure Count,Median Response Time,Average Response Time,Min Response Time,Max Response Time,Average Content Size,Requests/s,Failures/s,50%,66%,75%,80%,90%,95%,98%,99%,99.9%,99.99%,100%
GET,/api/query,2270252,0,49,49.13507311082646,41,74,2.999532651000858,1261.8438656519982,0.0,49,51,52,52,54,55,57,57,60,64,74
GET,on_start,64,0,3,5.46875,1,72,5.0,0.03557226572280429,0.0,3,4,5,5,9,18,27,72,72,72,72
,Aggregated,2270316,0,49,49.133842161179324,1,74,2.999589043992114,1261.879437917721,0.0,49,51,52,52,54,55,57,57,60,64,74
