Type,Name,Request Count,Failure Count,Median Response Time,Average Response Time,Min Response Time,Max Response Time,Average Content Size,Requests/s,Failures/s,50%,66%,75%,80%,90%,95%,98%,99%,99.9%,99.99%,100%
GET,/api/query,1070164,0,100,104.93040692828389,41,186,7.997391988517648,594.6734984336432,0.0,100,120,120,130,140,150,160,160,170,180,190
GET,on_start,64,0,25,42.015625,1,158,5.0,0.03556380508011217,0.0,28,56,78,91,100,120,150,160,160,160,160
,Aggregated,1070228,0,100,104.9266446028323,1,186,7.997212743452797,594.7090622387233,0.0,100,120,120,130,140,150,160,160,170,180,190
