Type,Name,Request Count,Failure Count,Median Response Time,Average Response Time,Min Response Time,Max Response Time,Average Content Size,Requests/s,Failures/s,50%,66%,75%,80%,90%,95%,98%,99%,99.9%,99.99%,100%
GET,/api/query,2696430,0,41,41.252091469090615,40,68,7.995835233994578,1498.648202285381,0.0,41,41,42,42,42,42,43,43,44,54,68
GET,on_start,64,0,1,2.59375,1,62,5.0,0.035570545108259584,0.0,1,2,2,2,3,4,5,62,62,62,62
,Aggregated,2696494,0,41,41.25117393177956,1,68,7.995764129273049,1498.6837728304893,0.0,41,41,42,42,42,42,43,43,44,54,68
