Type,Name,Request Count,Failure Count,Median Response Time,Average Response Time,Min Response Time,Max Response Time,Average Content Size,Requests/s,Failures/s,50%,66%,75%,80%,90%,95%,98%,99%,99.9%,99.99%,100%
GET,/api/query,2706874,0,41,40.99371599860208,40,163,6.0,1504.2246645884914,0.0,41,41,41,41,42,42,42,42,45,150,160
GET,on_start,64,0,110,111.75,106,213,5.0,0.03556514951699394,0.0,110,110,110,110,110,120,120,210,210,210,210
,Aggregated,2706938,0,41,40.995388885892474,40,213,5.999976357049921,1504.2602297380083,0.0,41,41,41,41,42,42,42,42,45,150,210
