Type,Name,Request Count,Failure Count,Median Response Time,Average Response Time,Min Response Time,Max Response Time,Average Content Size,Requests/s,Failures/s,50%,66%,75%,80%,90%,95%,98%,99%,99.9%,99.99%,100%
GET,/api/query,2720833,0,41,40.73741350534928,40,53,10.00051050542242,1511.9230825212053,0.0,41,41,41,41,41,41,42,42,42,44,53
GET,on_start,64,0,2,3.390625,1,92,5.0,0.03556376936083807,0.0,2,2,3,3,3,4,5,92,92,92,92
,Aggregated,2720897,0,41,40.7365350470819,1,92,10.000392885140451,1511.958646290566,0.0,41,41,41,41,41,41,42,42,42,44,92
