Type,Name,Request Count,Failure Count,Median Response Time,Average Response Time,Min Response Time,Max Response Time,Average Content Size,Requests/s,Failures/s,50%,66%,75%,80%,90%,95%,98%,99%,99.9%,99.99%,100%
GET,/api/query,967807,0,120,116.12853905789068,41,212,7.997117193820669,537.7789860428896,0.0,120,130,140,140,160,170,180,180,200,200,210
GET,on_start,64,0,34,51.8125,1,179,5.0,0.03556272594302887,0.0,35,78,100,110,130,140,160,180,180,180,180
,Aggregated,967871,0,120,116.12428619103166,1,212,7.996919010901246,537.8145487688327,0.0,120,130,140,140,160,170,180,180,200,200,210
