Type,Name,Request Count,Failure Count,Median Response Time,Average Response Time,Min Response Time,Max Response Time,Average Content Size,Requests/s,Failures/s,50%,66%,75%,80%,90%,95%,98%,99%,99.9%,99.99%,100%
GET,/api/query,2697831,0,41,41.17556844739348,40,71,2.9996022730853045,1499.3318790757064,0.0,41,41,41,42,42,42,43,43,44,50,71
GET,on_start,64,0,1,2.5625,1,63,5.0,0.035568291809548194,0.0,1,1,2,2,3,3,14,63,63,63,63
,Aggregated,2697895,0,41,41.174652460529416,1,71,2.9996497269167257,1499.367447367516,0.0,41,41,41,42,42,42,43,43,44,50,71
