Type,Name,Request Count,Failure Count,Median Response Time,Average Response Time,Min Response Time,Max Response Time,Average Content Size,Requests/s,Failures/s,50%,66%,75%,80%,90%,95%,98%,99%,99.9%,99.99%,100%
GET,/api/query,2733081,0,41,40.59133739541565,40,58,7.995865837858446,1518.8248624761802,0.0,41,41,41,41,41,41,42,42,42,44,58
GET,on_start,64,0,1,2.390625,1,68,5.0,0.03556601183736433,0.0,1,1,2,2,3,3,3,68,68,68,68
,Aggregated,2733145,0,41,40.59044287807635,1,68,7.995795685922261,1518.8604284880178,0.0,41,41,41,41,41,41,42,42,42,44,68
