Type,Name,Request Count,Failure Count,Median Response Time,Average Response Time,Min Response Time,Max Response Time,Average Content Size,Requests/s,Failures/s,50%,66%,75%,80%,90%,95%,98%,99%,99.9%,99.99%,100%
GET,/api/query,1073437,0,100,104.60646595934368,41,198,7.9973924878684075,596.4899821216457,0.0,100,120,120,130,140,150,160,160,170,180,200
GET,on_start,64,0,26,42.296875,1,178,5.0,0.03556366964785574,0.0,33,58,73,82,93,140,150,180,180,180,180
,Aggregated,1073501,0,100,104.60275118514096,1,198,7.997213789274532,596.5255457912934,0.0,100,120,120,130,140,150,160,160,170,180,200
